eng_engr_license_id;eng_engr_license_version;eng_engr_license_no;receive_date;engr_license_doc_no;engr_id;identity_type;idno;ch_name;ch_name_rome;en_name;birth_date;sex;mobile_tel;email;permanent_addr_zip;permanent_addr_city;permanent_addr_town;permanent_addr_other;contact_addr_zip;contact_addr_city;contact_addr_town;contact_addr_other;exec_type;comp_id;comp_type;comp_idno;comp_ch_name;comp_en_name;comp_tel_1;comp_tel_2;comp_fax;comp_addr_zip;comp_addr_city;comp_addr_town;comp_addr_other;comp_addr_en;apply_item;apply_type;receive_no;public_date;effect_date_start;effect_date_end;remark;receive_type;receive_addr_zip;receive_addr_city;receive_addr_town;receive_addr_other;certificate_id_list;subject_list;is_more_7_year;is_xca_cert;change_items;change_items_desc;contractor_id;status;review_staff;review_time;review_desc;create_user;create_time;update_user;update_time;transfer_from;transfer_time
332f6e7d-3013-4434-9;74249;Organic expedite Cre;2022-06-12;monitoring Savings m;路 incubate Investor;e-s;content Niger Plasti;auxiliary background;Bedfordshire;algorithm;2022-06-12;false;indexing;博文.戴@hotmail.com;4th paymen;北路;Bol;e-enable Sausages;non-volati;Accou;HDD;SSL;Tow;homogeneous program;inv;Account;Chicken;Cambridgeshire action-items;Wooden clear-thinkin;CSS Cross-platform;Monaco visualize Ste;Bike matri;e-ser;台灣省;Jewelery haptic Account;navigating programming Self-enabling;innovative;Piz;Pizza Chair knowledg;2022-06-12;2022-06-12;2022-06-12;mobile COM backing;福建省;福建省 model ;Credi;nee;街 Avon;Branding COM;Steel;true;false;Account 東路 西路;台灣省 clicks-and-mortar;SAS;tra;Republic;2022-06-13T05:30:44;Guilder SAS;transform;2022-06-12T07:00:18;card;2022-06-12T07:55:59;calculating;2022-06-12T20:53:49
8ba7e744-e90f-4cfa-8;25434;partnerships Loan ha;2022-06-12;南路 morph;Steel 台灣省;asy;networks;東路 Secured;copying;static navigating;2022-06-12;false;complexity calculate;俊馳89@gmail.com;Clothing B;Intel;路 E;TCP sticky;Philippine;Rand;tra;payment Algerian Home;Nat;Shirt Outdoors;Rus;Electronics Steel Gu;Executive Planner wireless;EXE parsing;Unbranded Engineer S;Comoro;Web e-enable;Seamless 台;and;Sai;Towels neural;Computers Gorgeous Plastic;Coordinator withdraw;Inv;Cloned Barbados;2022-06-12;2022-06-12;2022-06-12;solution Producer;Gra;circuit To;overr;Acc;e-commerce fault-tolerant invoice;Director Analyst;proactive;false;true;driver Uruguayo;RAM Sports Liberia;Gorgeous hard Invest;Pla;Diverse Gorgeous Nat;2022-06-12T08:57:18;platforms network;magnetic;2022-06-12T18:56:39;reinvent;2022-06-12T22:30:46;Venezuela Avon sensor;2022-06-12T07:40:15
c113d88d-29b6-47c6-8;74127;withdrawal Shoes;2022-06-12;Tasty Home;Integration;dep;multi-byte African;International Liaison;seamless;engineer Uruguayo killer;2022-06-12;true;primary;偉澤.宋59@gmail.com;platforms ;dynam;Chi;Wooden integrate;toolset Ha;Soap;exu;Facilitator;pay;users back Computer;Tas;multimedia virtual A;port Managed;vertical;optimize Bedfordshir;西路;deposit Outdoors;Accounts C;Nethe;Sof;analyzer 東路 District;quantify Dollar HTTP;Operative;rev;violet calculate;2022-06-12;2022-06-13;2022-06-12;Planner Quality invoice;yel;payment;frame;Cam;Rubber feed;mobile Shoes;Dynamic Investor;false;false;supply-chains Handcrafted;Granite mobile Avon;productize customer;arr;Sleek 台灣省 whiteboard;2022-06-12T15:18:53;monetize web-enabled;Tools Horizontal Net;2022-06-12T16:21:35;up;2022-06-13T00:30:18;Market workforce;2022-06-12T14:37:17
9e849cdd-d09b-4237-9;94160;time-frame parsing R;2022-06-13;Metical auxiliary In;Kwacha 東路 Plastic;Sha;synthesize Towels Sl;Concrete;structure;Avon;2022-06-12;true;grow compress Pants;浩然.石@yahoo.com;blue Soft ;tangi;pro;Chief Direct;lavender D;Jewel;Mon;copying Associate National;Nam;seize black deploy;opt;capacitor ivory;Senior methodology;transmitting Internal revolutionize;Chair Metal;Loan EXE connecting;Specialist Unbranded;magnetic i;gener;Pou;Executive Lao Practical;Future-proofed Samoa;multi-byte;Shi;bandwidth;2022-06-13;2022-06-12;2022-06-13;Baby Faroe;eng;Shoes pane;福建省 b;Col;Automotive 北路;Handmade Cross-group calculating;Franc;false;false;FTP Chips SMTP;街 Plastic;Computer 1080p;Bed;solution visualize;2022-06-12T16:50:40;synergize payment;SQL Japan reintermed;2022-06-13T00:18:35;Bedfordshire Tuna;2022-06-12T07:32:14;feed;2022-06-12T13:01:39
e93905dc-8bbd-41c8-9;52529;Account Factors;2022-06-12;transitional;up monitor Strategis;str;auxiliary Concrete;Loan Macao;optical hard;Rubber zero Practical;2022-06-12;false;Vincent;志強_尹@gmail.com;Chief 台灣省;Weste;PCI;Maldives utilize synergy;e-services;HTTP;Glo;Cambridgeshire;Exe;FTP leverage Cheese;For;input;Leone;B2C;transparent Bermuda ;empower Fish;Plastic 台灣省;Principal ;Domin;Sof;infomediaries;Music;Strategist engineer ;Ste;Handcrafted;2022-06-13;2022-06-12;2022-06-12;TCP Intelligent;Cos;THX Produc;福建省;Con;invoice 台灣省 Islands;Concrete;Games protocol;false;false;Loan target;of syndicate cyan;array Principal Inve;Gor;IB;2022-06-13T02:34:34;24;generate primary Hom;2022-06-13T02:34:51;Refined PNG;2022-06-12T09:07:33;calculating Concrete Kip;2022-06-12T15:42:56
e3b76aa5-d9cd-4ded-a;21542;Practical functional;2022-06-12;systems;Manager granular Car;Com;deposit sky Dobra;Associate;台灣省 purple budgetary;incremental robust;2022-06-12;false;fresh-thinking invoice innovate;哲瀚_董@hotmail.com;Profit-foc;Auto ;hac;路;Automated ;syste;tra;Rubber;EXE;ADP;rev;Concrete optimizing;Response azure 街;blockchains;Clothing Bacon appli;Chips compressing;Engineer;Towels cro;Froze;Jew;compelling Investor;encoding one-to-one hacking;PNG;sca;Metical;2022-06-13;2022-06-12;2022-06-12;Guinea-Bissau sensor;Par;Branding;bandw;RSS;Shoes magenta;Borders Agent;Fish;false;true;福建省 Regional;Pizza;redefine Gabon;pay;Forward;2022-06-12T15:16:16;Organic;withdrawal;2022-06-12T21:55:37;copying;2022-06-12T18:20:53;Infrastructure Colombian;2022-06-12T12:05:49
e1742a69-a457-4a31-b;84628;Solomon Specialist;2022-06-12;connecting Soft Camb;Brand;int;projection Sleek;deposit SAS Sports;Computer reboot;Research system e-markets;2022-06-12;true;seize Clothing relationships;浩宇59@yahoo.com;card;invoi;ind;cyan bricks-and-clicks;Pitcairn e;Profi;Met;Cotton;Dir;Soft;qua;architectures Franc ;Mayotte reboot;Intranet dedicated strategize;Small;synthesize mindshare;Car Central Open-sou;Zambian;Shoes;Sup;西路;Dynamic indigo Secured;RSS;Fro;navigating demand-dr;2022-06-12;2022-06-13;2022-06-13;Incredible;tra;attitude;cross;exu;Jewelery convergence Officer;Integrated Handmade;Dynamic salmon experiences;true;false;motivating envisioneer;navigating Account;Borders Functionalit;qua;cross-platform conve;2022-06-12T21:06:59;Outdoors generate;channels Bacon;2022-06-13T01:31:58;maroon;2022-06-13T02:42:28;sensor bi-directional Dynamic;2022-06-13T00:52:50
3960492d-d846-4b72-9;42682;Public-key;2022-06-13;ivory Tugrik;Officer violet Belgi;Int;Macao;policy Loan;Interactions;PNG Fiji;2022-06-13;true;hardware 台灣省;靖琪5@hotmail.com;back;Japan;Cus;Savings Plastic;Facilitato;Garde;pro;Personal Avon;Clo;Communications COM e;Hon;wireless digital;generating;Producer navigating 福建省;Metal;福建省 indexing Fantast;Electronics;Optimizati;syste;Bor;西路;microchip wireless;Liaison synthesizing;Use;Wooden hacking encom;2022-06-12;2022-06-12;2022-06-13;Incredible;路;monitor Ac;Advan;int;Re-engineered Fiji SSL;withdrawal;Associate Kids Oman;false;true;Account Consultant ADP;Avon;compressing Indonesi;blu;Mouse;2022-06-12T07:24:02;Savings;台灣省 compressing 南路;2022-06-12T17:56:52;deposit back hub;2022-06-13T00:08:05;台灣省 Persevering;2022-06-13T05:48:57
e5bee681-4956-474e-a;13669;Chips;2022-06-13;killer Future recipr;Practical Handcrafte;har;Global;Monetary;workforce Coordinator Steel;bypassing;2022-06-13;true;Horizontal Administrator;澤洋.雷50@yahoo.com;deposit Ma;one-t;Fan;Personal visionary Chicken;red networ;card ;Sup;Tasty;西路 ;Sausages Salad;Exe;Shoes 東路;Pizza;Small;portals Wooden;Bacon;synthesizing Account;Games Univ;路 gen;met;mobile white executive;Rustic Berkshire generating;deposit orchid plum;Che;user-centric Ergonom;2022-06-12;2022-06-12;2022-06-13;synthesizing;fra;GB Ball Lo;Produ;AGP;Handcrafted;Corporate withdrawal;paradigms;true;false;virtual deliver;Persevering Investor RSS;deposit;Fac;synthesizing 1080p;2022-06-12T12:26:00;policy clear-thinking Account;blockchains deposit ;2022-06-13T03:23:02;calculating 福建省 atti;2022-06-13T06:36:03;Buckinghamshire;2022-06-12T18:55:20
83579094-bfde-479d-8;77446;zero;2022-06-12;Research;national neural;Com;路 deposit;Manager;USB 台灣省;maximize Sausages channels;2022-06-12;true;Bahrain;耀傑14@gmail.com;Coordinato;HDD;SSL;Gloves 台灣省;Dynamic;visua;rev;Fresh SAS access;Acc;Wallis;Woo;cross-media haptic;dynamic;Portugal;ADP;User-centric SDD;Dinar synthesizing;東路;Soft ;mod;SMS haptic;exploit Tools envisioneer;Account Bedfordshire;Ste;Chief 台灣省;2022-06-12;2022-06-12;2022-06-12;1080p;tur;human-reso;東路 Na;Pan;Bedfordshire neural-net plug-and-play;calculate granular;open-source;false;false;Internal wireless robust;navigate;Investor;Gua;pink hacking;2022-06-12T16:08:13;generate payment;SDD;2022-06-12T20:44:19;haptic invoice Mouse;2022-06-12T07:27:41;disintermediate AGP;2022-06-12T11:56:01
