eng_engr_certificate_id;eng_engr_certificate_version;eng_engr_certificate_no;status;review_staff;review_time;review_desc;apply_items_list;apply_type;apply_date;engr_id;idno;ch_name;en_name;birth_date;sex;contact_tel_office;contact_tel_home;mobile_tel;fax;email;permanent_addr_zip;permanent_addr_city;permanent_addr_town;permanent_addr_other;contact_addr_zip;contact_addr_city;contact_addr_town;contact_addr_other;identity_type;addr_foreign;subject;engr_certificate_doc_no;engr_certificate_doc_no_old;exam_type;exam_no;exam_no_old;receive_date;receive_no;public_date;receive_type;receive_addr_zip;receive_addr_city;receive_addr_town;receive_addr_other;contractor_id;remark;update_time;update_user;create_time;create_user;transfer_from;transfer_time
eab66e2c-4dbe-448b-b;80632;街 solid c;A;台灣省 EXE Chair;2022-03-31T01:56:06;virtual Intelligent Polynesia;Kid;d;2022-03-30;optical connecting o;deposit Movies Autom;Plastic secured Stee;Buckinghamshire;2022-03-30;true;Facilitator Chief;invoice Home Pants;azure Soap Digitized;Personal Table;子涵_田@gmail.com;福建省;inter;e-c;Fundamental Accounts;well-modul;Marke;tol;Territory;b;Strategist Program Frozen;Nor;front-end;福建省 Angola;d;Visionary Persistent;Plastic COM;2022-03-30;Dynamic Checking Lic;2022-03-30;路;HDD even-k;Pants;dep;Outdoors Re-engineered Account;Bedfordshire needs-based Plast;Fresh;2022-03-30T06:32:42;clear-thinking Centr;2022-03-30T14:22:23;Clothing Sweden Coor;Ethiopian;2022-03-31T01:13:34
aca34982-5bb8-451d-8;71702;Pizza;G;RSS;2022-03-31T02:54:07;SMS;tra;o;2022-03-30;Bike leading-edge Ta;Lead;efficient methodolog;Cambridgeshire;2022-03-30;true;AI Pants;real-time Shoes;sticky;Metal blockchains ge;弘文_孟@yahoo.com;南路 pink me;Indus;ban;Investment;impactful ;onlin;opt;Personal Frozen;g;payment;Orc;Group;architect Movies 路;a;orchid 福建省 Cotton;西路;2022-03-30;up Plastic Car;2022-03-30;F;Gorgeous;back-;ext;Small Customer;copy Response 街;Research infrastructures Architect;2022-03-30T16:50:46;Dynamic Rubber enabl;2022-03-30T05:58:52;users transition eng;Sports Verde approach;2022-03-30T08:45:11
ade41ba5-075e-4e91-9;9204;Administr;M;array Rufiyaa;2022-03-30T23:32:54;input Kina;pla;H;2022-03-30;HTTP Bedfordshire;Guatemala Gambia;azure;application;2022-03-30;true;Lesotho;Generic;world-class programm;solutions Investor;雨澤.汪4@gmail.com;Malawi 108;cutti;Sen;Creative;Producer C;街 Met;tra;Investment optical Markets;L;alarm Clothing;int;dynamic;Chair Executive Borders;W;Haiti Fantastic enhance;Usability hack;2022-03-30;yellow Regional;2022-03-30;S;firewall 街;monit;sei;Focused 台灣省 Baby;bypassing real-time superstruc;SMTP Clothing;2022-03-30T09:49:17;mobile metrics;2022-03-30T18:33:58;maroon;parsing Frozen San;2022-03-30T14:57:16
430186e8-e865-4340-9;37832;card capa;M;AI;2022-03-30T12:37:50;transmit CSS 北路;Pan;B;2022-03-30;Customer;Cambridgeshire next-;mobile Franc;Outdoors Visionary Concrete;2022-03-30;false;UIC-Franc Reverse-en;Investment Human;Barbados real-time d;Money cross-platform;紹齊.於@hotmail.com;portals Fo;Bucki;Fre;transmit;withdrawal;bench;XSS;IB;M;Web Decentralized;App;index Poland Nationa;maximize 西路 Liaison;O;Persevering Concrete;Corporate Generic;2022-03-31;bandwidth;2022-03-30;N;Supervisor;Rubbe;Piz;Security cross-platform Rustic;Loan synthesizing Licensed;port;2022-03-30T21:49:56;東路 Cambridgeshire;2022-03-31T02:49:02;redundant parsing 台灣;Auto open-source XSS;2022-03-30T07:06:54
ffeeb8f3-65c8-4089-9;61668;digital I;v;violet Metal Intelli;2022-03-30T07:03:28;Steel;Shi;d;2022-03-30;payment;feed;supply-chains Soft y;台灣省;2022-03-30;true;福建省;navigating;User-centric Barbuda;Handmade;偉澤.鐘99@hotmail.com;Fresh 1080;pink ;Lic;incubate driver;台灣省;attit;JSO;Sharable Cotton Designer;h;Money XSS;Vin;Rupee parse;array invoice;P;Dollar Public-key Cambridgeshire;Liaison;2022-03-30;Books;2022-03-31;e;Cheese nee;Bucki;reb;Shoes Automotive Specialist;台灣省 challenge backing;efficient Granite 福建省;2022-03-30T22:32:01;Borders;2022-03-30T17:08:29;Practical Metal;Outdoors SDD;2022-03-30T06:08:49
26003810-a55b-4392-9;53113;project q;P;input transitional C;2022-03-30T10:50:01;intuitive Incredible;Dev;s;2022-03-31;Distributed Avon;redundant reintermed;hard Sleek 福建省;Sleek 台灣省 Manager;2022-03-30;true;Borders Rufiyaa;violet Granite;Rubber;methodologies SSL Ca;建輝_何65@gmail.com;Strategist;北路 qu;Bal;台灣省;Account ba;metho;par;Savings;I;HDD;Tow;integrate;bifurcated;C;indexing;green 北路 De-engineered;2022-03-31;Awesome compressing;2022-03-30;s;deploy;Borde;com;task-force;Planner;deploy Market;2022-03-30T04:05:14;台灣省 Card Agent;2022-03-30T06:52:11;Response bypassing S;Central;2022-03-30T22:07:23
c851828b-9123-42b9-a;54397;Canada;F;synthesize Superviso;2022-03-30T14:28:28;bandwidth;tur;d;2022-03-30;Metal;one-to-one;Global Incredible;grey;2022-03-30;false;Computer Analyst;Designer Computer;SDD platforms;COM Kids Stand-alone;修潔32@yahoo.com;Wooden;depos;She;lime;card Card ;emula;Int;hack SCSI 台灣省;B;路 Account;Gro;Soft Health;Quetzal Corporate;G;Dynamic;upward-trending;2022-03-30;red;2022-03-30;G;台灣省 haptic;Respo;gen;forecast;福建省 architecture Croatian;Chair;2022-03-31T02:28:52;Cheese Re-contextual;2022-03-31T02:57:57;Developer;Designer HTTP;2022-03-30T16:07:09
20bc4f0c-dd8f-46f0-a;20780;grow e-co;L;Cotton Berkshire;2022-03-30T17:32:51;info-mediaries Plastic;Awe;d;2022-03-30;tan;synergy;Avon;turquoise;2022-03-30;true;Federation;Beauty program;Plastic;auxiliary Niger 福建省;子軒64@gmail.com;online Fis;conve;街 F;indexing;firewall;Focus;Toy;Borders Implementation Corporate;B;budgetary Pants visualize;Erg;Infrastructure;福建省;R;Auto orange bypass;Engineer Borders;2022-03-30;福建省 Renminbi 台灣省;2022-03-30;F;Bacon;engin;Erg;台灣省 Fresh Rubber;Borders;Intelligent Games 台灣省;2022-03-30T23:46:49;brand withdrawal Acc;2022-03-30T21:39:58;Sports black Incredi;platforms 北路 primary;2022-03-30T11:34:28
a8e9bf41-0244-4334-a;51286;expedite ;南;Automated Kazakhstan;2022-03-30T11:52:46;indexing;Man;h;2022-03-31;orchestrate white;circuit Generic;deposit 福建省 Creative;Liechtenstein;2022-03-31;false;invoice Metal;Dollar interface hac;Rwanda bypass;Gourde;子軒_孫@gmail.com;Internatio;Accou;Mar;Profound web-enabled;Operative;路 hum;ena;Incredible 福建省;s;primary;Sho;time-frame;Cambridgeshire Ergonomic Internal;S;Saint;deposit synthesizing cross-platform;2022-03-30;payment Personal;2022-03-30;E;ROI Rwanda;Borde;SQL;hard;Garden Direct;synergistic exuding Pre-emptive;2022-03-30T19:04:19;Account mobile;2022-03-30T23:14:13;connecting Credit;Cross-platform;2022-03-31T00:47:34
1b36bd36-7e9b-4346-b;23583;panel Com;b;Iceland Kids;2022-03-30T10:56:29;interfaces;Use;H;2022-03-31;SQL;Synchronised Bike;parsing;Car Consultant;2022-03-30;true;Kuna Awesome;card client-driven I;Proactive Engineer G;system;瑾瑜29@yahoo.com;Refined Bu;Dalas;SQL;Buckinghamshire invoice bypassing;compressin;colla;fau;Account;T;Direct;Lat;networks Swedish use;Marino SCSI;S;navigate Quality-focused didactic;Industrial program;2022-03-30;matrix Rustic Shoes;2022-03-31;H;西路;digit;Acc;SMTP Profound;withdrawal Optimization capaci;throughput Car deliver;2022-03-30T11:19:36;transmit Metal;2022-03-30T07:36:09;program Auto;seamless;2022-03-30T22:08:35
