typhoon_no;typhoon_name;apply_start_time;apply_end_time;is_local_only;finish_date_1000;finish_date_5000;bid_project_import_date;center_approved_date;center_approved_progress;is_edit_submit_data;is_deny_budget_change;create_user;create_time;update_user;update_time
4a88a141-22aa-4f5b-9b42-7572f09165af;路 wireless azure;2022-04-06T23:34:27;2022-04-06T12:57:08;true;2022-04-07T08:10:05;2022-04-07T06:22:02;2022-04-06T14:13:25;2022-04-06T19:24:49;database Wooden;true;true;purple convergence;2022-04-06T12:55:34;turn-key Rustic CSS;2022-04-06T08:22:15
443ee0ca-af2a-4cdd-9be0-78198c2cbdd1;Market navigating;2022-04-07T05:12:33;2022-04-06T08:20:03;true;2022-04-06T15:15:10;2022-04-07T05:36:09;2022-04-06T08:47:38;2022-04-07T07:50:58;black;false;false;quantifying 東路 Avon;2022-04-07T02:27:21;withdrawal Manager;2022-04-07T00:12:44
a24750e1-536a-4eb4-a556-be4e5c0228c4;primary 台灣省 generate;2022-04-06T22:37:40;2022-04-07T07:49:17;true;2022-04-06T09:17:09;2022-04-06T14:28:02;2022-04-06T21:30:34;2022-04-06T09:29:10;compelling hub;false;false;hard recontextualize;2022-04-07T01:06:23;feed synergies;2022-04-06T23:42:44
b29e4474-c10c-43bd-9290-2bd9f5977e87;Loan;2022-04-07T06:56:26;2022-04-06T11:57:20;true;2022-04-07T04:30:23;2022-04-06T18:13:19;2022-04-07T06:15:05;2022-04-06T09:12:45;payment actuating Wooden;true;false;福建省 XML quantifying;2022-04-07T01:07:21;Cambridgeshire Tacti;2022-04-06T21:13:06
0c49b095-c58f-42eb-a349-64d232cb2693;Iraqi;2022-04-06T12:11:18;2022-04-06T20:33:13;false;2022-04-07T06:02:18;2022-04-07T00:00:40;2022-04-06T14:22:40;2022-04-07T07:04:47;XSS conglomeration calculate;false;false;Rica Solutions;2022-04-06T22:11:48;invoice 福建省;2022-04-06T19:23:16
6aebf22f-d5b4-4855-b76a-b0f282f1a715;deposit Plastic;2022-04-07T04:36:49;2022-04-07T07:17:32;false;2022-04-06T19:24:46;2022-04-07T04:40:16;2022-04-07T00:46:12;2022-04-06T19:14:51;Concrete COM networks;false;true;intranet Bedfordshir;2022-04-06T14:53:04;Gorgeous card Princi;2022-04-07T05:17:13
e3230fed-4b13-4ff0-9223-3426f03a4e3c;District Mobility;2022-04-07T00:07:07;2022-04-06T20:45:47;false;2022-04-07T01:50:21;2022-04-06T23:53:55;2022-04-07T03:27:17;2022-04-07T07:04:57;西路 lavender online;false;false;whiteboard primary;2022-04-06T12:39:42;indigo e-tailers Ext;2022-04-06T23:37:21
df9149ed-ddf5-41aa-902b-a2c4b86cae89;Ukraine concept (Malvinas);2022-04-06T17:11:53;2022-04-06T23:21:04;true;2022-04-07T00:48:51;2022-04-07T03:25:48;2022-04-06T12:28:27;2022-04-06T12:03:51;reboot solid;true;false;Sleek Car Steel;2022-04-07T01:35:11;Avon;2022-04-07T00:35:11
a060ec86-e020-4252-a518-50ada829b6a7;Wooden;2022-04-06T15:28:00;2022-04-07T06:56:27;true;2022-04-06T18:47:35;2022-04-06T16:49:06;2022-04-06T20:50:05;2022-04-07T05:14:12;interface SQL initiatives;false;false;innovative;2022-04-07T06:14:33;Innovative distribut;2022-04-06T15:37:37
4550745f-38c8-42c9-a844-8487d29b1bc5;Bacon;2022-04-06T15:27:07;2022-04-06T10:05:23;true;2022-04-07T02:16:09;2022-04-06T18:53:28;2022-04-07T02:45:16;2022-04-06T19:25:37;circuit Product;false;true;南路 bleeding-edge Pla;2022-04-06T23:40:22;Visionary Chair mind;2022-04-06T12:35:30
