id;project_no;typhoon_no;project_code;apply_org_id;apply_submit_no;approve_no;project_name;damage_date;damage_descript;dangerous_degree;dangerous_descript;reason_analysis;other_reason;apply_amount;project_status;apply_user_id;delete_user_id;approve_date;review_amount;review_descript;is_review_watch;is_review_in_cal_list;execution_status;change_amount;change_descript;is_review_change_amount;review_change_descript;is_cancel_amount;cancel_descript;review_project_code;status_change_date;center_allowance_amount;local_reserves_amount;return_amount;return_status;is_survey_plan;survey_plan_date;is_no_demand;survey_plan_end_date;survey_plan_date_1;survey_plan_date_2;survey_plan_date_3;create_user;create_time;update_user;update_time
1;ADP;panel Optimization Granite;Marketing website To;Metal Liaison e-enab;del;mic;Rustic Accountability;2022-05-23T10:27:52;Soft;57652;AGP;yellow 台灣省;toolset;38218;Salad;hacking;Persevering white ci;2022-05-23T08:29:10;89246;Incredible;true;false;北路;18897;Ergonomic 台灣省;true;Berkshire Ameliorated;true;JBOD synthesizing Baby;Real Keyboard;2022-05-23T22:23:57;33285;58982;74952;deposit Practical at;true;2022-05-23T19:18:25;true;2022-05-23T23:16:21;2022-05-24T07:13:25;2022-05-23T21:31:21;2022-05-23T22:44:46;extensible Refined;2022-05-23T16:19:01;bluetooth utilisatio;2022-05-23T19:43:16
2;Distributed 台灣省;Fresh;withdrawal haptic Ha;Granite;ent;Syn;alliance Ngultrum;2022-05-24T03:54:31;東路 transition;61117;Concrete Bedfordshire;Congo;Won mobile Zloty;82921;Bedfordshire Tools 街;Toys bifurcated pars;Automotive;2022-05-23T19:01:41;401;Tuna invoice Frozen;true;false;Infrastructure pink ;36372;Soap;true;digital invoice Avon;true;defect Digitized program;deposit Dollar PNG;2022-05-23T12:12:35;26407;16138;8279;Chief Avon;true;2022-05-23T12:44:40;false;2022-05-23T15:29:47;2022-05-23T11:35:19;2022-05-23T22:36:44;2022-05-24T06:42:13;Quality Research;2022-05-23T12:51:27;Awesome;2022-05-23T09:25:05
3;街 expedite;Nauru Soft;asymmetric Loan web-;Small upward-trendin;南路 ;南路 ;Refined;2022-05-24T02:17:16;Montenegro SAS SSL;20219;National;Jewelery Hat;Home cross-media;24099;Concrete Industrial;Tugrik Electronics d;街;2022-05-24T07:37:55;39909;orange salmon;true;true;calculating back Han;72361;Bedfordshire Soft salmon;true;Cotton navigating Montserrat;true;福建省 e-services Incredible;Card Metal Checking;2022-05-24T00:40:56;70830;84957;78192;Sleek override Consu;true;2022-05-24T07:41:31;false;2022-05-23T20:47:19;2022-05-24T05:55:58;2022-05-23T17:47:26;2022-05-24T03:44:24;東路;2022-05-23T08:21:36;mobile Zimbabwe prot;2022-05-23T10:23:29
4;Metal;withdrawal transmitting;generate Pants maxim;efficient intuitive;Out;mag;Oman whiteboard models;2022-05-24T05:54:08;hacking;86626;Salad calculate;scalable monitor Markets;Administrator Movies connecting;94657;capacity Sports Movi;implement;card;2022-05-23T16:10:47;48510;Ariary Gloves;false;true;Fish;36016;online Table Practical;false;Computers markets;false;Avon 台灣省;Web analyzer;2022-05-24T03:56:15;86937;6669;36222;台灣省 福建省 Loan;false;2022-05-23T11:50:15;true;2022-05-23T08:21:44;2022-05-23T14:13:03;2022-05-23T20:00:20;2022-05-24T01:04:33;green deposit pink;2022-05-23T23:44:39;up connect;2022-05-24T06:24:38
5;holistic Developer;Account;Kids;Suriname Triple-buff;Tab;台灣省;Card 西路;2022-05-24T03:07:13;Horizontal;61056;Cambridgeshire;Tunisia;Bacon;52807;holistic customized;Customizable;JSON El synthesize;2022-05-23T18:08:04;1272;hack open Naira;true;true;generation Chicken 路;98790;COM teal;true;Front-line up calculate;false;extensible Personal;card Cameroon;2022-05-24T01:32:57;79594;88613;96056;Associate harness;false;2022-05-23T23:25:36;true;2022-05-24T07:05:05;2022-05-23T17:32:42;2022-05-23T17:49:45;2022-05-24T04:11:57;USB Public-key;2022-05-23T13:20:23;Designer;2022-05-24T06:11:33
6;Malta;Republic;台灣省 partnerships;Home Market Reactive;Kya;byp;metrics Plastic knowledge;2022-05-23T23:35:01;Incredible world-class;76780;福建省 Account application;Kids Movies;turquoise Refined syndicate;68994;revolutionary;Rubber Program Assur;Burkina ROI Account;2022-05-24T06:04:27;10812;Consultant sexy;true;false;hack Interactions;71794;Republic;true;International;true;Berkshire azure Planner;application Quality ;2022-05-23T21:27:33;27054;92472;97230;back-end;true;2022-05-23T11:14:25;true;2022-05-23T11:59:12;2022-05-23T22:48:41;2022-05-24T03:35:49;2022-05-24T02:47:52;infrastructures;2022-05-23T15:21:17;Avon Taka magnetic;2022-05-24T07:33:44
7;Kwacha withdrawal;ADP Chile;台灣省 Hat Mouse;clicks-and-mortar wi;Som;PCI;Paradigm Regional cross-platform;2022-05-24T04:27:57;Ukraine;39735;override Supervisor repurpose;interfaces;facilitate;87159;cross-platform reinv;Group;Wooden open;2022-05-23T10:38:23;64848;Berkshire;true;true;Producer exuding;94074;generation;true;ADP;true;Metal;Granite Zimbabwe Spo;2022-05-24T07:52:06;79018;85116;15307;Representative;false;2022-05-23T16:11:24;true;2022-05-23T21:39:29;2022-05-23T23:33:44;2022-05-24T00:48:35;2022-05-23T09:16:04;utilize;2022-05-23T14:23:06;web back back-end;2022-05-23T13:15:12
8;西路;white Checking 福建省;Macao;Account 台灣省;路 C;yel;SMS Inverse;2022-05-23T11:47:03;programming Team-oriented 東路;76584;Card;Montenegro teal;Fresh;34240;Rustic reintermediat;deposit 台灣省 withdraw;primary Forward Acco;2022-05-23T08:16:07;58152;路;false;false;up Cheese Steel;1826;connecting synthesizing;false;invoice Sports;false;matrix;Concrete Afghani;2022-05-23T09:34:48;7068;47103;12718;Managed;false;2022-05-24T04:31:48;false;2022-05-24T06:05:56;2022-05-23T08:05:37;2022-05-23T22:20:14;2022-05-23T18:48:35;ivory 1080p Computer;2022-05-23T14:56:32;Ergonomic Gloves red;2022-05-23T08:04:59
9;ADP technologies;connect;demand-driven withdr;cross-platform;Sau;Acc;web-readiness;2022-05-23T19:42:22;circuit;24293;program platforms;payment Berkshire;indexing front-end Metal;93988;Rupee;Music Optional;services Ball;2022-05-23T13:44:34;83355;Executive;false;true;Research Yen synthes;78947;Ergonomic Rupiah Accountability;false;Liaison Games Berkshire;false;Toys compressing Assurance;Developer auxiliary ;2022-05-24T04:55:20;99741;52893;38137;Consultant Industria;false;2022-05-23T09:50:44;false;2022-05-23T18:35:38;2022-05-23T13:35:40;2022-05-23T23:38:17;2022-05-23T14:46:59;Books 台灣省 hacking;2022-05-23T14:17:55;State) Chicken Facil;2022-05-23T23:28:58
10;granular;Cambridgeshire;西路 Sharable HTTP;blue 福建省;Sof;Lic;eyeballs Architect SDD;2022-05-23T08:42:09;gold;13306;visionary;clicks-and-mortar PCI gold;Credit Division;55420;Bacon Movies Forward;moratorium 街;synergies;2022-05-24T01:12:02;43103;solution Regional;false;false;Applications Kwanza ;62713;Outdoors Bahrain 街;false;Central Gloves Gorgeous;true;sexy product;white;2022-05-24T04:58:09;58406;4467;91120;Krone Usability;true;2022-05-24T02:07:09;false;2022-05-23T12:01:48;2022-05-23T17:48:29;2022-05-23T10:48:53;2022-05-23T13:53:14;partnerships;2022-05-23T19:47:28;Rustic Chief 台灣省;2022-05-23T17:49:54
